{
	"Employees": [{
		"EmployeeID": 1,
		"LastName": "Davolio",
		"FirstName": "Nancy",
		"Address": "507 - 20th Ave. E. Apt. 2A",
		"City": "Seattle",
		"Region": "WA",
		"PostalCode": "98122",
		"Country": "USA",
		"HomePhone": "(206) 555-9857",
		"ResumeID": 1,
		"Resume": {
			"__deferred": {
				"uri": "/here/goes/your/serviceUrl/Employees(1)/Resume"
			}
		}
	}, {
		"EmployeeID": 2,
		"LastName": "Fuller",
		"FirstName": "Andrew",
		"Address": "908 W. Capital Way",
		"City": "Tacoma",
		"Region": "WA",
		"PostalCode": "98401",
		"Country": "USA",
		"HomePhone": "(206) 555-9482",
		"ResumeID": 2,
		"Resume": {
			"__deferred": {
				"uri": "/here/goes/your/serviceUrl/Employees(2)/Resume"
			}
		}
	}, {
		"EmployeeID": 3,
		"LastName": "Leverling",
		"FirstName": "Janet",
		"Address": "722 Moss Bay Blvd.",
		"City": "Kirkland",
		"Region": "WA",
		"PostalCode": "98033",
		"Country": "USA",
		"HomePhone": "(206) 555-3412",
		"ResumeID": 3,
		"Resume": {
			"__deferred": {
				"uri": "/here/goes/your/serviceUrl/Employees(3)/Resume"
			}
		}
	}, {
		"EmployeeID": 4,
		"LastName": "Peacock",
		"FirstName": "Margaret",
		"Address": "4110 Old Redmond Rd.",
		"City": "Redmond",
		"Region": "WA",
		"PostalCode": "98052",
		"Country": "USA",
		"HomePhone": "(206) 555-8122",
		"ResumeID": 4,
		"Resume": {
			"__deferred": {
				"uri": "/here/goes/your/serviceUrl/Employees(4)/Resume"
			}
		}
	}, {
		"EmployeeID": 5,
		"LastName": "Buchanan",
		"FirstName": "Steven",
		"Address": "14 Garrett Hill",
		"City": "London",
		"Region": null,
		"PostalCode": "SW1 8JR",
		"Country": "UK",
		"HomePhone": "(71) 555-4848",
		"ResumeID": 5,
		"Resume": {
			"__deferred": {
				"uri": "/here/goes/your/serviceUrl/Employees(5)/Resume"
			}
		}
	}, {
		"EmployeeID": 6,
		"LastName": "Suyama",
		"FirstName": "Michael",
		"Address": "Coventry House Miner Rd.",
		"City": "London",
		"Region": null,
		"PostalCode": "EC2 7JR",
		"Country": "UK",
		"HomePhone": "(71) 555-7773",
		"ResumeID": 6,
		"Resume": {
			"__deferred": {
				"uri": "/here/goes/your/serviceUrl/Employees(6)/Resume"
			}
		}
	}, {
		"EmployeeID": 7,
		"LastName": "King",
		"FirstName": "Robert",
		"Address": "Edgeham Hollow Winchester Way",
		"City": "London",
		"Region": null,
		"PostalCode": "RG1 9SP",
		"Country": "UK",
		"HomePhone": "(71) 555-5598",
		"ResumeID": 7,
		"Resume": {
			"__deferred": {
				"uri": "/here/goes/your/serviceUrl/Employees(7)/Resume"
			}
		}
	}, {
		"EmployeeID": 8,
		"LastName": "Callahan",
		"FirstName": "Laura",
		"Address": "4726 - 11th Ave. N.E.",
		"City": "Seattle",
		"Region": "WA",
		"PostalCode": "98105",
		"Country": "USA",
		"HomePhone": "(206) 555-1189",
		"ResumeID": 8,
		"Resume": {
			"__deferred": {
				"uri": "/here/goes/your/serviceUrl/Employees(8)/Resume"
			}
		}
	}, {
		"EmployeeID": 9,
		"LastName": "Dodsworth",
		"FirstName": "Anne",
		"Address": "7 Houndstooth Rd.",
		"City": "London",
		"Region": null,
		"PostalCode": "WG2 7LT",
		"Country": "UK",
		"HomePhone": "(71) 555-4444",
		"ResumeID": 9,
		"Resume": {
			"__deferred": {
				"uri": "/here/goes/your/serviceUrl/Employees(9)/Resume"
			}
		}
	}]
}