<?xml version="1.0" encoding="utf-8" standalone="yes" ?>
<edmx:Edmx Version="1.0"
    xmlns:edmx="http://schemas.microsoft.com/ado/2007/06/edmx">
    <edmx:DataServices
        xmlns:m="http://schemas.microsoft.com/ado/2007/08/dataservices/metadata" m:DataServiceVersion="2.0">
        <Schema Namespace="d062712trial.dev.sapui5_date_poc.service.twokey"
            xmlns:d="http://schemas.microsoft.com/ado/2007/08/dataservices"
            xmlns:m="http://schemas.microsoft.com/ado/2007/08/dataservices/metadata"
            xmlns="http://schemas.microsoft.com/ado/2008/09/edm">
            <EntityType Name="twokeyType">
                <Key>
                    <PropertyRef Name="id1" />
                    <PropertyRef Name="id2" />
                </Key>
                <Property Name="id1" Type="Edm.String" Nullable="false" MaxLength="3" />
                <Property Name="id2" Type="Edm.String" Nullable="false" MaxLength="3" />
                <Property Name="value1" Type="Edm.String" Nullable="false" MaxLength="25" />
                <Property Name="value2" Type="Edm.String" Nullable="false" MaxLength="25" />
            </EntityType>
            <EntityContainer Name="twokey" m:IsDefaultEntityContainer="true">
                <EntitySet Name="twokey" EntityType="d062712trial.dev.sapui5_date_poc.service.twokey.twokeyType" />
            </EntityContainer>
        </Schema>
    </edmx:DataServices>
</edmx:Edmx>